"Risk_Category","Count","Percentage","Avg_Monthly_Revenue","Avg_Tenure","Total_Monthly_Revenue","Avg_Risk_Score"
"Low",324,24.6200607902736,47.9635802469136,53.5648148148148,15540.2,0.104732992115118
"Medium",185,14.0577507598784,63.5562162162162,47.9513513513513,11757.9,0.373712449491276
"High",154,11.7021276595745,69.9555194805195,42.5519480519481,10773.15,0.635949310793766
"Critical",653,49.6200607902736,70.226875957121,21.5359877488515,45858.15,0.972558473982208
